{
  "total_return": 1.6310032196019026,
  "ann_return": 0.1831938004597773,
  "ann_vol": 0.17646107358592342,
  "max_drawdown": -0.294192658414861,
  "sharpe": 1.0381541760856143
}