{
  "total_return": 2.612809715087121,
  "ann_return": 0.14752794097043842,
  "ann_vol": 0.12424245754512317,
  "max_drawdown": -0.344113866119307,
  "sharpe": 1.1874196944056608
}