{
  "total_return": 2701.3790260059104,
  "ann_return": 1.3127263042906456,
  "ann_vol": 0.7032998893717225,
  "max_drawdown": -0.9085123056709861,
  "sharpe": 1.8665242581842874
}