{
  "total_return": 3.341864826304924,
  "ann_return": 0.39268075863099994,
  "ann_vol": 0.19773740802602927,
  "max_drawdown": -0.2603011166113535,
  "sharpe": 1.9858698591786397
}