{
  "total_return": 100.60768767587061,
  "ann_return": 0.6328423031509633,
  "ann_vol": 0.3562593971627424,
  "max_drawdown": -0.4769994995146723,
  "sharpe": 1.7763525908114515
}