{
  "total_return": 6.608025651992641,
  "ann_return": 0.2429916577738962,
  "ann_vol": 0.19869225641427724,
  "max_drawdown": -0.3658758313950731,
  "sharpe": 1.2229548456445825
}