{
  "total_return": 84.92512863492595,
  "ann_return": 0.6040546041840191,
  "ann_vol": 0.2884103056696299,
  "max_drawdown": -0.31636463791444464,
  "sharpe": 2.0944279462605455
}