{
  "total_return": 5.185236503673236,
  "ann_return": 0.23417784325450097,
  "ann_vol": 0.19927590206751603,
  "max_drawdown": -0.3947925117476148,
  "sharpe": 1.175143812296782
}