{
  "total_return": 8.499547253528295,
  "ann_return": 0.2968661284107239,
  "ann_vol": 0.21484316422074592,
  "max_drawdown": -0.44808539636868805,
  "sharpe": 1.3817806560775723
}