{
  "total_return": -0.08516068315864622,
  "ann_return": -0.011064191466601092,
  "ann_vol": 0.0008878482999084455,
  "max_drawdown": -0.08516068315864622
}