{
  "total_return": 2.7292458424077695,
  "ann_return": 0.3457065070386387,
  "ann_vol": 0.12385592627179115,
  "max_drawdown": -0.14818239291158852,
  "sharpe": 2.791198753622944
}