{
  "total_return": 0.4026523366314043,
  "ann_return": 0.03409248569857515,
  "ann_vol": 0.21353865429392271,
  "max_drawdown": -0.5526032751618979,
  "sharpe": 0.1596548681610073
}