{
  "total_return": 2.6477624446382544,
  "ann_return": 0.1367997120741038,
  "ann_vol": 0.1588374641147714,
  "max_drawdown": -0.32808381277007215,
  "sharpe": 0.8612559564364252
}