{
  "total_return": 7.297863446186716,
  "ann_return": 0.27677050678622894,
  "ann_vol": 0.18111912576285902,
  "max_drawdown": -0.29883631578277886,
  "sharpe": 1.5281130892195625
}