{
  "total_return": 6.031856001864558,
  "ann_return": 0.4968321741309536,
  "ann_vol": 0.26191005807508655,
  "max_drawdown": -0.4896679404696004
}