{
  "total_return": 1.526027209352808,
  "ann_return": 0.1043688316364626,
  "ann_vol": 0.14099468808708857,
  "max_drawdown": -0.3817691469017979,
  "sharpe": 0.7402323665697025
}