{
  "total_return": 0.8091451270497887,
  "ann_return": 0.060497663284964975,
  "ann_vol": 0.2980727326391816,
  "max_drawdown": -0.586254583963088
}