{
  "total_return": 6.942000913267037,
  "ann_return": 0.2609482078788463,
  "ann_vol": 0.18562161315211448,
  "max_drawdown": -0.3780574475443976,
  "sharpe": 1.4058072411266176
}