{
  "total_return": 0.45503694153709273,
  "ann_return": 0.04799510093671344,
  "ann_vol": 0.0567475608990763,
  "max_drawdown": -0.12380956758438424
}