{
  "total_return": 0.0948674989246947,
  "ann_return": 0.010192975388576997,
  "ann_vol": 0.2961657397115585,
  "max_drawdown": -0.5291180300684913,
  "sharpe": 0.03441645680727329
}