{
  "total_return": 1.543614318865966,
  "ann_return": 0.11011452131906574,
  "ann_vol": 0.15494083008954918,
  "max_drawdown": -0.49121541599271207,
  "sharpe": 0.7106875654107717
}