{
  "total_return": 1.233230626205771,
  "ann_return": 0.08285753592533918,
  "ann_vol": 0.18121589279667857,
  "max_drawdown": -0.40001554983611765
}