{
  "total_return": 5.525211331036122,
  "ann_return": 0.23352708141547196,
  "ann_vol": 0.1720326245578626,
  "max_drawdown": -0.375116792424993,
  "sharpe": 1.3574581101442529
}