{
  "total_return": 1.141558426181636,
  "ann_return": 0.15586177264267476,
  "ann_vol": 0.1559123617783778,
  "max_drawdown": -0.34032332044946584,
  "sharpe": 0.9996755283857802
}