{
  "total_return": 3.5704347169586343,
  "ann_return": 0.16248315831921833,
  "ann_vol": 0.24261360550829267,
  "max_drawdown": -0.3167437167771074,
  "sharpe": 0.669719894639893
}