{
  "total_return": 4.318957346695098,
  "ann_return": 0.18008360933718515,
  "ann_vol": 0.2409016877977263,
  "max_drawdown": -0.286707902752174,
  "sharpe": 0.7475398407685412
}