{
  "total_return": 2.627890190568788,
  "ann_return": 0.29976539879369635,
  "ann_vol": 0.1419777383192562,
  "max_drawdown": -0.18101307262815178,
  "sharpe": 2.1113549373468197
}