{
  "total_return": 5.697165346848994,
  "ann_return": 0.24556231840117126,
  "ann_vol": 0.16645716368198005,
  "max_drawdown": -0.3071747855965174,
  "sharpe": 1.4752282987971805
}