{
  "total_return": 2.966862900343421,
  "ann_return": 0.15907908319077158,
  "ann_vol": 0.19187813763846853,
  "max_drawdown": -0.516762734051063,
  "sharpe": 0.8290630978006674
}