{
  "total_return": 4.992479687140249,
  "ann_return": 0.1871213553271307,
  "ann_vol": 0.18794317841648472,
  "max_drawdown": -0.45289136906475325,
  "sharpe": 0.9956272789665563
}