{
  "total_return": 156.6579465108886,
  "ann_return": 0.7107552257022289,
  "ann_vol": 0.2956982249425438,
  "max_drawdown": -0.31845533893398215,
  "sharpe": 2.403650633480582
}