{
  "total_return": 1.2625433001701856,
  "ann_return": 0.15255505790417057,
  "ann_vol": 0.14959901318419072,
  "max_drawdown": -0.30678441048798266,
  "sharpe": 1.0197597875618356
}