{
  "total_return": 0.5204814538609654,
  "ann_return": 0.3964604090557933,
  "ann_vol": 0.13490746384366809,
  "max_drawdown": -0.05898920281693663,
  "sharpe": 2.938758151403802
}