{
  "total_return": 2.2561864851672624,
  "ann_return": 0.2517539183240658,
  "ann_vol": 0.4432534805139982,
  "max_drawdown": -0.6883333700398235,
  "sharpe": 0.567968283141581
}