{
  "total_return": 2.2674354872504927,
  "ann_return": 0.22861738669950316,
  "ann_vol": 0.17893767247656708,
  "max_drawdown": -0.3155980421122411,
  "sharpe": 1.277636975687397
}