{
  "total_return": 245.46104138962025,
  "ann_return": 0.6960233702736849,
  "ann_vol": 0.3226470324495246,
  "max_drawdown": -0.46163254830590256,
  "sharpe": 2.1572284889450266
}