{
  "total_return": 7.676471727419564,
  "ann_return": 0.2734898234191563,
  "ann_vol": 0.21996097907297582,
  "max_drawdown": -0.255135240087031,
  "sharpe": 1.2433560923931937
}