{
  "total_return": 0.6427284078999091,
  "ann_return": 0.050407052505916816,
  "ann_vol": 0.21543029265859162,
  "max_drawdown": -0.49986830860695985
}