{
  "total_return": 5.506992561493592,
  "ann_return": 0.23314122909371182,
  "ann_vol": 0.16578724059264768,
  "max_drawdown": -0.3564905789422045,
  "sharpe": 1.4062676250614377
}