{
  "total_return": 3.2119934736768085,
  "ann_return": 0.17456421378923048,
  "ann_vol": 0.1331461847180998,
  "max_drawdown": -0.26490779623351896,
  "sharpe": 1.311071843018423
}