{
  "total_return": 3.054545091668258,
  "ann_return": 0.371336167673451,
  "ann_vol": 0.2304569260850177,
  "max_drawdown": -0.2144118501067637,
  "sharpe": 1.611304003666445
}