{
  "total_return": -0.07768402370322103,
  "ann_return": -0.010057507408407829,
  "ann_vol": 0.0006734475412592716,
  "max_drawdown": -0.07768402370322103
}