{
  "total_return": 32.762510226225274,
  "ann_return": 0.45269363517251526,
  "ann_vol": 0.24127838857344128,
  "max_drawdown": -0.3560470734366449,
  "sharpe": 1.8762295199709633
}