{
  "total_return": 3.0807349560417636,
  "ann_return": 0.373329436858411,
  "ann_vol": 0.1810919554491188,
  "max_drawdown": -0.2696146386493488,
  "sharpe": 2.0615462234781874
}