{
  "total_return": 4.157295073747341,
  "ann_return": 0.4478155616739923,
  "ann_vol": 0.1951294663711624,
  "max_drawdown": -0.25340239162468375,
  "sharpe": 2.294966362600444
}