{
  "total_return": 4.0012982072378875,
  "ann_return": 0.1973566899175847,
  "ann_vol": 0.13659788848683935,
  "max_drawdown": -0.20200643605355645,
  "sharpe": 1.4448004438706914
}