{
  "total_return": 1.5937526518196825,
  "ann_return": 0.09903326352311193,
  "ann_vol": 0.1772908957645339,
  "max_drawdown": -0.36864935793947917
}