{
  "total_return": 0.48696028803991065,
  "ann_return": 0.05141958644616018,
  "ann_vol": 0.08025863036934668,
  "max_drawdown": -0.2059481804378526
}