{
  "total_return": 8.080045680104202,
  "ann_return": 0.2901203393428722,
  "ann_vol": 0.19301034693707217,
  "max_drawdown": -0.360854219503389,
  "sharpe": 1.5031336088808809
}