{
  "total_return": 4.16581590450678,
  "ann_return": 0.44835483618567884,
  "ann_vol": 0.1951896639349452,
  "max_drawdown": -0.25557279365695,
  "sharpe": 2.297021405473146
}