{
  "total_return": 3.2964420543614947,
  "ann_return": 0.16903217980540197,
  "ann_vol": 0.11937717392803344,
  "max_drawdown": -0.3604502157840259,
  "sharpe": 1.415950589576723
}