{
  "total_return": 4.574331936083925,
  "ann_return": 0.2021022480349408,
  "ann_vol": 0.16430408998321586,
  "max_drawdown": -0.3695410675139796,
  "sharpe": 1.2300500130921035
}