{
  "total_return": 3.8436938313438045,
  "ann_return": 0.1691905918097456,
  "ann_vol": 0.19961209625162407,
  "max_drawdown": -0.3565779643384878
}