{
  "total_return": 1.9428211889751092,
  "ann_return": 0.11286827154959522,
  "ann_vol": 0.184849324658751,
  "max_drawdown": -0.370215293091284,
  "sharpe": 0.6105960720060001
}