{
  "total_return": 8.668322815535758,
  "ann_return": 0.2995059956514152,
  "ann_vol": 0.20786490785050818,
  "max_drawdown": -0.40619030238912873,
  "sharpe": 1.4408684888110757
}