{
  "total_return": 2.507270850657095,
  "ann_return": 0.144024460901095,
  "ann_vol": 0.1580957778609318,
  "max_drawdown": -0.3220426326503172,
  "sharpe": 0.9109949857597427
}