{
  "total_return": 2.281126781865549,
  "ann_return": 0.22951107108212687,
  "ann_vol": 0.18024573765592103,
  "max_drawdown": -0.3205023122320322,
  "sharpe": 1.2733231535286043
}