{
  "total_return": 7.147485117944093,
  "ann_return": 0.2492916542142425,
  "ann_vol": 0.21186340808878876,
  "max_drawdown": -0.34399392119447586,
  "sharpe": 1.1766621544659006
}